{"cameraMode":{"drawMode":0,"name":"Shaded","section":"Shading Mode"},"sceneLighting":false,"audioPlay":false,"sceneViewState":{"m_AlwaysRefresh":false,"showFog":true,"showSkybox":false,"showFlares":true,"showImageEffects":true,"showParticleSystems":true,"showVisualEffectGraphs":true,"m_FxEnabled":true},"in2DMode":false,"pivot":{"x":0.03812430426478386,"y":-1.3764381408691407,"z":-11.70424747467041},"rotation":{"x":-0.06887540966272354,"y":-0.05881417170166969,"z":0.004442000761628151,"w":-0.9968062043190002},"size":2.2933242321014406,"orthographic":false}