{"cameraMode":{"drawMode":0,"name":"Shaded","section":"Shading Mode"},"sceneLighting":false,"audioPlay":false,"sceneViewState":{"m_AlwaysRefresh":false,"showFog":true,"showSkybox":false,"showFlares":true,"showImageEffects":true,"showParticleSystems":true,"showVisualEffectGraphs":true,"m_FxEnabled":true},"in2DMode":false,"pivot":{"x":40.4520378112793,"y":41.14582443237305,"z":-40.89674377441406},"rotation":{"x":0.05463455244898796,"y":0.009657194837927819,"z":-0.0006481482996605337,"w":0.999523401260376},"size":23.101070404052736,"orthographic":false}