{"cameraMode":{"drawMode":0,"name":"Shaded","section":"Shading Mode"},"sceneLighting":false,"audioPlay":false,"sceneViewState":{"m_AlwaysRefresh":false,"showFog":true,"showSkybox":false,"showFlares":true,"showImageEffects":true,"showParticleSystems":true,"showVisualEffectGraphs":true,"m_FxEnabled":true},"in2DMode":false,"pivot":{"x":0.3471909463405609,"y":-2.1479299068450929,"z":58.40675735473633},"rotation":{"x":-0.09939688444137573,"y":-0.11468828469514847,"z":0.011392778716981411,"w":-0.9884190559387207},"size":1.0915924310684205,"orthographic":false}