{"cameraMode":{"drawMode":0,"name":"Shaded","section":"Shading Mode"},"sceneLighting":false,"audioPlay":false,"sceneViewState":{"m_AlwaysRefresh":false,"showFog":true,"showSkybox":false,"showFlares":true,"showImageEffects":true,"showParticleSystems":true,"showVisualEffectGraphs":true,"m_FxEnabled":true},"in2DMode":false,"pivot":{"x":1.3544647693634034,"y":-3.2475714683532717,"z":42.15108108520508},"rotation":{"x":0.016249507665634157,"y":0.9661437273025513,"z":-0.060868777334690097,"w":0.2521460950374603},"size":4.974669456481934,"orthographic":false}