{"cameraMode":{"drawMode":0,"name":"Shaded","section":"Shading Mode"},"sceneLighting":false,"audioPlay":false,"sceneViewState":{"m_AlwaysRefresh":false,"showFog":true,"showSkybox":false,"showFlares":true,"showImageEffects":true,"showParticleSystems":true,"showVisualEffectGraphs":true,"m_FxEnabled":true},"in2DMode":false,"pivot":{"x":7.365927696228027,"y":0.7633337378501892,"z":50.096534729003909},"rotation":{"x":0.16247576475143434,"y":0.7010483145713806,"z":-0.17136791348457337,"w":0.6739956736564636},"size":1.9480584859848023,"orthographic":false}